dgp,multiplier,mean_total_claims,learned_minus_eu_mean,learned_minus_eu_median,learned_minus_eu_q25,learned_minus_eu_q75,learned_minus_eu_lo,learned_minus_eu_hi,learned_minus_eu_se,learned_minus_indep_mean,learned_minus_indep_median,learned_minus_indep_q25,learned_minus_indep_q75,learned_minus_indep_lo,learned_minus_indep_hi,learned_minus_indep_se,learned_minus_pool_mean,learned_minus_pool_median,learned_minus_pool_q25,learned_minus_pool_q75,learned_minus_pool_lo,learned_minus_pool_hi,learned_minus_pool_se,eu_minus_indep_mean,eu_minus_indep_median,eu_minus_indep_q25,eu_minus_indep_q75,eu_minus_indep_lo,eu_minus_indep_hi,eu_minus_indep_se
structured,1,4.37,0.003347537448629434,0.002039803281462582,-0.0386695191095594,0.05680727969571331,-0.20942012166304572,0.21350899753456926,0.005141888409543877,0.012773441182709037,0.04339334578375009,-0.05445045175436203,0.10594354402047657,-0.4048108017900456,0.27239924356820294,0.009681711235416364,-0.029053045480263117,-0.05385050151379733,-0.09364941053389675,0.034243191279418994,-0.25364684974360385,0.29107483771370907,0.007382984990121593,0.009425903734079604,0.03107479561087434,-0.03810595802064398,0.11464074845551941,-0.4430014088573344,0.289685154330126,0.010036457029719418
structured,3,13.335,-0.02533921969434281,-0.008151871410117195,-0.14866629814427235,0.07834059607564736,-0.5908109778473459,0.5222049048878064,0.014053080652906697,0.06229361690514587,0.16175705729116086,-0.0977506176029097,0.3298503173621139,-1.1452320396223905,0.6474725307466502,0.023018232415648904,0.008742145419664497,-0.09685105009432426,-0.20582211610444845,0.09671759024171811,-0.5767949786833642,1.197308144462926,0.02295727676052109,0.08763283659948867,0.15904414984906534,-0.06256208370515948,0.34141411249861675,-1.3099869841332341,0.7643588302615416,0.022547208091118917
structured,7,30.805,0.019475290662861636,-0.003988881969720026,-0.1988364049081719,0.1966245837837053,-0.8681192582553281,1.1047908809559654,0.024497867335237625,0.18240427647456042,0.37323251359109477,-0.054234471599858836,0.6811716732842528,-1.522637234669629,1.0665991377540607,0.03913489368868374,0.037082869782743465,-0.13778841134574726,-0.30496216843655555,0.25124410511706596,-1.074834125470984,2.086270337865364,0.03748156092534813,0.1629289858116988,0.31022855152166695,-0.14164290697637183,0.591674959627507,-1.558754128868807,1.104019803746245,0.03546194924245643
structured,15,65.5425,0.06939547358118194,0.03507757727221339,-0.23358717768453818,0.2800953596469866,-1.136119807633898,1.6970020572249371,0.033546180341013296,0.46078925854908676,0.6402353841827129,0.16938395470518586,1.0194755955606039,-2.0756635434577655,1.7339524265012092,0.04726335948619674,0.24445062809419307,-0.09250624642107041,-0.3436335827090091,0.47835044464787435,-1.3038454063942664,3.7503463766623613,0.05979997171822239,0.39139378496790483,0.5933368222773607,0.055784105993399,0.9332965133346018,-1.8818249148828412,1.4844351026408356,0.043662247740232765
structured,23,100.8975,0.16389697961359562,0.06714753551533548,-0.2494990809630746,0.4746525046745309,-1.7357666243293968,2.5419277624741747,0.047747760507267575,0.6153208598446757,0.9414706863486177,0.22529804854381652,1.3456785849786335,-1.9750451146964814,1.892625227466426,0.05789167438158861,0.38124377296566514,0.018954277955770316,-0.3552270480373916,0.7327921294766409,-1.8266609434192043,4.2377290381555115,0.07700049336453826,0.45142388023108004,0.7760046150043127,0.0874148613713226,1.152299507361862,-2.7208402792716013,1.7639816634522514,0.055243222230520604
structured,46,201.6325,0.23474372201192156,0.1610793721656032,-0.3387541035899284,0.7788235922830982,-1.9988524694505272,2.601803847535446,0.054559067531685754,0.8505976491581396,1.1632611851740604,0.3942826652758784,1.6676564250432664,-2.9345083476543192,2.4334129688988666,0.06377961929702461,0.6766206933888735,0.15656600410717747,-0.367014981776272,1.3725418117371042,-2.1012580719860656,5.702066961682898,0.09670610467816451,0.615853927146218,0.9955381057644939,0.06765145139374074,1.466291510500322,-2.8775708100029513,2.2874906979917378,0.06301423624938703
structured,76,332.64,0.2514685967058407,0.1886168689690404,-0.39316345163336797,0.7869640825499635,-2.433196282569265,3.304309631432242,0.06585402913617985,0.9769457082898794,1.3768837572394297,0.5610743404387915,1.893404386606842,-4.3577142092001155,2.7047411377109394,0.07736137770267244,0.7425092759954757,0.23566805876085795,-0.3295102055642598,1.4498008797320727,-3.5745958718707542,6.771171218171717,0.1169766723179875,0.7254771115840386,1.0925011637016784,0.22736444093465202,1.6277811928428667,-2.8470356891174973,2.406013720021647,0.06848162124650123
structured,150,657.515,0.36796500172500934,0.2664613323338436,-0.45722717010250413,0.9291377078410532,-2.2854359298231866,4.049589120561672,0.07677592429411047,1.2333338866685681,1.640128505456337,0.6458438187642095,2.2025208742911726,-2.9925312442660865,3.083286303676647,0.07541613405837887,0.958956208202297,0.3582174665553488,-0.31340644945765384,1.858624701336022,-2.8123184257849214,7.405178727120319,0.13560614366313323,0.8653688849435588,1.271609591985504,0.34343353270477994,1.798845630405232,-3.2457582708757724,2.466693485840458,0.07062898894415025
structured,300,1315.12,0.49792461182702114,0.28212337876467686,-0.33492599502694187,1.1427230612591526,-2.595868627252986,4.267355830571967,0.08524652227832506,1.392439742481924,1.8509290310985236,0.8301755781258242,2.3633854345872,-2.3499226538380236,3.310102226280158,0.08250432292280681,1.1676986352093939,0.4044025801364217,-0.2916690041700969,2.154266262139762,-2.879096533928414,8.105660362229905,0.14676324029471882,0.8945151306549031,1.3361642542455474,0.39104917726217714,1.9169023594425711,-2.8985719408453905,2.7085166184282916,0.07569185853001296
structured,600,2630.0275,0.5407326141357055,0.4274254662833403,-0.3469351366366338,1.3064205833026579,-2.882977088139203,4.4665523192683585,0.08817247600344826,1.4526403212232606,1.9747992110506694,0.9875145091052779,2.47708774405145,-3.124248778032032,3.326190995907174,0.08197369363863191,1.2384394254205808,0.6166043576271285,-0.23411585720445682,2.1647856312689564,-3.09216093166174,9.317653242954387,0.1516789277439064,0.9119077070875551,1.3638330580880993,0.3641828565880987,2.0033655655830334,-3.454688946796905,2.7411161480438335,0.08004467233003308
structured,1000,4383.22,0.4936818850696877,0.4083865999288179,-0.3703824990550295,1.1877103226247634,-3.186619992796553,4.575570785052647,0.08786469066393184,1.4542410380396285,1.9712136318816498,1.0821673568260506,2.425866650804153,-3.21592587697407,3.345602954474794,0.08350563749282056,1.207302315851636,0.4970915883771738,-0.22411607728376737,2.0064556902586874,-3.3430258417478704,9.375961081437966,0.15650694443928154,0.960559152969941,1.3713661886133135,0.4496474198456024,1.9728412810231193,-2.9220090353204218,2.728659629110895,0.07652676162637986
independent_null,1,4.2625,-0.0048586531849008205,0.001148217765720272,-0.05695991459144456,0.031735085030666355,-0.22050248113005863,0.24710509439152553,0.0054728443358569336,-0.014592360086560775,0.03370402214898549,-0.0769039498273516,0.10080774295305694,-0.5028332813030887,0.2505856478745658,0.010279770649628532,-0.03618128417365021,-0.05202804749458956,-0.10180137308943316,0.01593117217551443,-0.275045045528387,0.3716177857504457,0.007188109669217725,-0.019689396853577054,0.014620675628758129,-0.09690599744768691,0.11410604579923156,-0.544199439916828,0.27273586328577837,0.010489373401739452
independent_null,3,12.7775,-0.005241296536892912,0.0019863333873804123,-0.13204095524992066,0.0903742821700475,-0.736402528109436,0.6757163420772171,0.01614151623682583,-0.0959989541034065,0.05963402742767876,-0.29568696866641986,0.25353444448472606,-1.4813961000386218,0.578807136474214,0.028433125554721817,-0.050345906295135814,-0.11016452645869546,-0.2287627226636224,0.08643978917100403,-0.751505112250195,0.9025970701284048,0.020982308113392856,-0.08039350349485992,0.04292208059704539,-0.3231906908091675,0.25720374405618207,-1.444525273184795,0.5904756962680165,0.026507598315237524
independent_null,7,30.045,-0.05810925982279178,-0.030323007341865882,-0.28386842716144933,0.11998876485826093,-1.2633206911460675,1.170922405083594,0.0261722647212006,-0.500703674192857,-0.045282333116109186,-0.848866351460837,0.42619312158849176,-4.913256286722701,0.9764283736991569,0.07836485349779967,-0.11828315356475956,-0.14983088120371324,-0.4979088817454471,0.20848566127038737,-2.2693929368196066,2.055644286203252,0.05349424881646423,-0.4090642772814624,-0.0029039386907401266,-0.7320032579769036,0.4191639603923023,-3.9341213381322238,0.9553121664423588,0.06745116751423907
independent_null,15,64.0725,-0.15094018138087364,-0.07618954592414973,-0.411575487032493,0.19555422191556726,-1.8838494783124284,1.2958757855089231,0.03516175852503996,-0.9842815715755908,-0.24405754999190954,-1.5754037001747165,0.7364142552269426,-8.48167159353399,1.5406817398644015,0.1378356660798304,-0.21732908689205213,-0.20925359914267272,-0.941323247979041,0.5899938721510036,-4.850113728825195,3.8142628805654857,0.09966083197382469,-0.7435088978699372,-0.2114217667353424,-1.3299945178724597,0.5667861556209863,-5.470134954494841,1.2826553713730466,0.10210171031546326
independent_null,23,99.09,-0.22917199754406967,-0.10406609835590519,-0.540629971871943,0.20051378321931024,-2.8463028431050046,1.5783545641078192,0.05337485819497593,-1.491875932914559,-0.33876565470214803,-2.3176063699886003,0.6694839335193872,-11.669710430270403,1.6747624329376758,0.18980867225499504,-0.368887392412676,-0.17125019988133694,-1.0804319795214776,0.7601219740925877,-6.3597115124979755,4.472551374519249,0.14043604091638723,-1.1250545117057738,-0.4283754765643799,-2.183682645175222,0.6503875792185485,-7.4558560432134,1.5122758336731827,0.13021412475073807
independent_null,46,198.6,-0.3135008623212895,-0.1528331787239985,-0.7604329472135922,0.2594123332953817,-3.35537032365884,1.6453194766873327,0.05867468111425591,-2.4761965958038603,-0.8959495832565718,-3.6630177998150932,0.9499415496341852,-18.13407127137143,2.15981426148891,0.27982130094309926,-0.8276498480170852,-0.23449472017739215,-1.9864156158272879,1.2089189811388223,-11.126117569388594,6.311540666540786,0.21850119907836646,-1.6629505955335582,-0.663710889233565,-3.01915035343791,0.7794683993758493,-10.594993054771505,1.714838319975806,0.17067857256676602
independent_null,76,328.5925,-0.5649152504919013,-0.31059496575532286,-1.0583289442772985,0.26605981152195657,-4.463197409236574,1.846739141059026,0.07402103619472038,-3.972029369173794,-1.307497324876783,-5.711783607887286,0.9388557660166921,-25.08714881944793,2.3220831115030465,0.4246635432644319,-1.7430377827806292,-0.4162624185937833,-3.149382372008123,1.391563781127421,-17.40930607248035,6.145178233976546,0.32768610411915944,-2.4092964641392127,-1.1654661017303987,-4.117538673601844,0.6818893143841516,-13.035991967568656,1.931344839704899,0.23080493402544983
independent_null,150,648.3475,-0.6547183850006246,-0.25708416806656764,-1.2157795798793325,0.3339398694576259,-5.314314853064239,2.381128274609655,0.08804076697881161,-5.58127004305873,-1.7746639485198337,-7.395358318846239,0.8464168009195481,-33.029037737875036,2.6071820461837794,0.538847845659555,-2.764170101973666,-0.4700399349842801,-5.07824412158238,1.6287187360422992,-23.834263799707546,8.40147360837793,0.43048647026469017,-3.1155884425747518,-1.5849498894561336,-5.473997939201035,0.7374763908066635,-15.93574705362216,2.0539348671329596,0.26194569459645883
independent_null,300,1295.8675,-0.8497776761042966,-0.2280366712605275,-1.4583808816151027,0.3823559309477984,-6.542633538182008,2.0951251153074093,0.11086348017009828,-6.850370763969555,-2.305177445966402,-10.058631247698454,1.18060596809124,-39.970038343961065,2.7321071190134765,0.644017940146635,-3.714244748042098,-0.7447585502634766,-6.7259595150653215,1.5218007314723678,-29.177517410462904,8.71150455356885,0.5224093831832985,-3.4438268201229723,-1.9348522822718461,-5.808992244947307,0.7436717083237916,-18.048375637078763,2.153233853183056,0.2857237510251624
independent_null,600,2589.6075,-0.9905930545767703,-0.3520759721465456,-1.64306842077261,0.40408188768440567,-8.615561109933378,2.2039696687495463,0.12608962883854521,-7.662485631535624,-2.755458908479305,-10.335872454696291,1.0741545328097803,-43.907050668341356,2.873985947046342,0.7289909266220337,-4.401669624669045,-0.6215257148999545,-7.460245998777294,1.662217638162006,-31.83066144995382,9.082833497835324,0.6006722413077142,-3.654726266011819,-1.944966920998695,-6.147280569722613,0.5830856339704162,-22.929070506322716,2.278442882148841,0.30553602437642674
independent_null,1000,4315.3575,-0.9911586814070767,-0.30429431987964684,-1.7887544458217457,0.4595748535221329,-8.055952647691967,2.089998464632896,0.12493397528267616,-8.338068598041296,-2.7196855690440476,-11.645985077078272,0.9163965233443108,-45.49432523114501,2.8660197629239965,0.7727425703553396,-4.953876002832348,-0.970271858080503,-8.147416910007607,1.5555729658516784,-33.863989555305146,9.307400552721933,0.642694133176309,-3.8319893866557186,-2.1666928656794724,-6.467799817148803,0.553789832925454,-23.075011532029016,2.2762328777098326,0.31377333387775996
